<?xml version="1.0" encoding="UTF-8" standalone="yes"?>
<workbook xmlns="http://schemas.openxmlformats.org/spreadsheetml/2006/main" xmlns:r="http://schemas.openxmlformats.org/officeDocument/2006/relationships" xmlns:mc="http://schemas.openxmlformats.org/markup-compatibility/2006" mc:Ignorable="x15" xmlns:x15="http://schemas.microsoft.com/office/spreadsheetml/2010/11/main"><fileVersion appName="xl" lastEdited="7" lowestEdited="6" rupBuild="18201"/><workbookPr filterPrivacy="1" codeName="EstaPastaDeTrabalho"/><bookViews><workbookView xWindow="0" yWindow="0" windowWidth="22260" windowHeight="12645"/></bookViews><sheets><sheet name="Plan1" sheetId="1" r:id="rId1"/></sheets><calcPr calcId="162913"/><extLst><ext uri="{140A7094-0E35-4892-8432-C4D2E57EDEB5}" xmlns:x15="http://schemas.microsoft.com/office/spreadsheetml/2010/11/main"><x15:workbookPr chartTrackingRefBase="1"/></ext></extLst></workbook>